<?xml version="1.0" encoding="UTF-8"?>
<!DOCTYPE bindings PUBLIC "-//NetBeans//DTD Editor KeyBindings settings 1.1//EN" "http://www.netbeans.org/dtds/EditorKeyBindings-1_1.dtd">
<bindings>
    <bind actionName="documentation-show" key="D-P"/>
    <bind actionName="goto-declaration" key="SO-G"/>
    <bind actionName="jump-list-prev" key="SD-B"/>
    <bind actionName="select-element-next" key="SDO-UP"/>
    <bind actionName="select-element-previous" key="SDO-DOWN"/>
    <bind key="S-F10" remove="true"/>
    <bind key="HOME" remove="true"/>
    <bind key="S-SPACE" remove="true"/>
    <bind key="O-SPACE" remove="true"/>
    <bind key="D-BACK_SLASH" remove="true"/>
    <bind key="O-BACK_SPACE" remove="true"/>
    <bind key="SD-END" remove="true"/>
    <bind key="SD-HOME" remove="true"/>
    <bind key="SD-SPACE" remove="true"/>
    <bind key="SD-R" remove="true"/>
    <bind key="D-R" remove="true"/>
    <bind key="S-HOME" remove="true"/>
    <bind key="D-T" remove="true"/>
    <bind key="O-LEFT" remove="true"/>
    <bind key="S-END" remove="true"/>
    <bind key="SD-BACK_SLASH" remove="true"/>
    <bind key="O-R" remove="true"/>
</bindings>
